{"cameraMode":{"drawMode":0,"name":"Shaded","section":"Shading Mode"},"sceneLighting":true,"audioPlay":false,"sceneViewState":{"m_AlwaysRefresh":false,"showFog":true,"showSkybox":true,"showFlares":true,"showImageEffects":true,"showParticleSystems":true,"showVisualEffectGraphs":true,"m_FxEnabled":true},"in2DMode":false,"pivot":{"x":149.40557861328126,"y":4.299850940704346,"z":-24.401020050048829},"rotation":{"x":0.014629146084189415,"y":-0.5824847221374512,"z":0.01048586517572403,"w":0.8126427531242371},"size":1.4660253524780274,"orthographic":false}